{
	"placement": {
		"type": "minecraft:random_spread",
		"salt": 940354935,
		"separation": 20,
		"spacing": 40,
		"exclusion_zone": {
			"other_set": 
			"minecraft:nether_complexes",
			"chunk_count": 16
		}
	},
	"structures": [
		{ "weight": 1, "structure": "bigglobe_dnt:nether_skeleton_tower_crimson" },
		{ "weight": 1, "structure": "bigglobe_dnt:nether_skeleton_tower_soul" },
		{ "weight": 1, "structure": "bigglobe_dnt:nether_skeleton_tower_warped" },
		{ "weight": 1, "structure": "bigglobe_dnt:nether_skeleton_tower_waste" }
	]
}