{
	"placement": {
		"type": "minecraft:random_spread",
		"salt": 9785737382,
		"separation": 30,
		"spacing": 120,
		"exclusion_zone": {
			"other_set": "minecraft:villages",
			"chunk_count": 10
		}
	},
	"structures": [
		{ "weight": 1, "structure": "bigglobe_dnt:remnant_bee_keeper" },
		{ "weight": 1, "structure": "bigglobe_dnt:remnant_big_remnant" },
		{ "weight": 1, "structure": "bigglobe_dnt:remnant_big_remnant_2" },
		{ "weight": 1, "structure": "bigglobe_dnt:remnant_big_remnant_3" },
		{ "weight": 1, "structure": "bigglobe_dnt:remnant_birch_graveyard" },
		{ "weight": 1, "structure": "bigglobe_dnt:remnant_bunny_base" },
		{ "weight": 1, "structure": "bigglobe_dnt:remnant_classic_village" },
		{ "weight": 1, "structure": "bigglobe_dnt:remnant_desert_remnant" },
		{ "weight": 1, "structure": "bigglobe_dnt:remnant_forest_smith" },
		{ "weight": 1, "structure": "bigglobe_dnt:remnant_frog_ranch" },
		{ "weight": 1, "structure": "bigglobe_dnt:remnant_graveyard" },
		{ "weight": 1, "structure": "bigglobe_dnt:remnant_medium_remnant" },
		{ "weight": 1, "structure": "bigglobe_dnt:remnant_medium_remnant_2" },
		{ "weight": 1, "structure": "bigglobe_dnt:remnant_miner_hut" },
		{ "weight": 1, "structure": "bigglobe_dnt:remnant_mud_brick_constructor" },
		{ "weight": 1, "structure": "bigglobe_dnt:remnant_ominous_shop" },
		{ "weight": 1, "structure": "bigglobe_dnt:remnant_ruin_farmer" },
		{ "weight": 1, "structure": "bigglobe_dnt:remnant_ruin_smith" },
		{ "weight": 1, "structure": "bigglobe_dnt:remnant_sawmill" },
		{ "weight": 1, "structure": "bigglobe_dnt:remnant_school_remnant" },
		{ "weight": 1, "structure": "bigglobe_dnt:remnant_taiga_castle" },
		{ "weight": 1, "structure": "bigglobe_dnt:remnant_woodland_hud" },
		{ "weight": 1, "structure": "bigglobe_dnt:remnant_zombie_horse_ranch" }
	]
}