{
	"placement": {
		"type": "minecraft:random_spread",
		"salt": 430930,
		"separation": 15,
		"spacing": 40,
		"exclusion_zone": {
			"other_set": "minecraft:villages",
			"chunk_count": 10
		}
	},
	"structures": [
		{ "weight": 1, "structure": "bigglobe_dnt:well_birch" },
		{ "weight": 1, "structure": "bigglobe_dnt:well_dark_oak" },
		{ "weight": 1, "structure": "bigglobe_dnt:well_jungle" },
		{ "weight": 1, "structure": "bigglobe_dnt:well_oak" },
		{ "weight": 1, "structure": "bigglobe_dnt:well_savana" },
		{ "weight": 1, "structure": "bigglobe_dnt:well_spruce" }
	]
}