{
	"type": "bigglobe:rock_layer",
	"config": {
		"seed": "extras",
		"repeat": 8.0,
		"entries": {
			"defaults": {
				"weight": 1.0,
				"center": {
					"type": "sum",
					"layers": [
						{ "type": "smooth", "scale": 128, "amplitude": 16.0 },
						{ "type": "smooth", "scale":  64, "amplitude":  8.0 },
						{ "type": "smooth", "scale":  32, "amplitude":  4.0 }
					]
				},
				"thickness": {
					"type": "sum",
					"layers": [
						{ "type": "constant", "value": 4.0 },
						{ "type": "smooth", "scale": 32, "amplitude": 4.0 },
						{ "type": "smooth", "scale": 16, "amplitude": 2.0 },
						{ "type": "smooth", "scale":  8, "amplitude": 1.0 }
					]
				}
			},
			"variations": [
				{
					"blocks": {
						"minecraft:stone": "create:cut_andesite",
						"minecraft:cobblestone": "minecraft:andesite"
					},
					"restrictions": {
						"type": "script",
						"script": [
							"unmixSmooth(-0.375I, -0.625I, `bigglobe:overworld/surface_temperature`) *",
							"unmixSmooth(double*(height := world_traits.`bigglobe:approximate_surface_y`) - 512.0L, height, y)"
						]
					}
				},
				{
					"blocks": {
						"minecraft:stone": "create:cut_diorite",
						"minecraft:cobblestone": "minecraft:diorite"
					},
					"restrictions": {
						"type": "script",
						"script": [
							"unmixSmooth(0.0I, 0.5I, `bigglobe:overworld/height_adjusted_foliage`(y)) *",
							"unmixSmooth(double*(height := world_traits.`bigglobe:approximate_surface_y`) - 512.0L, height, y)"
						]
					}
				},
				{
					"blocks": {
						"minecraft:stone": "create:cut_granite",
						"minecraft:cobblestone": "minecraft:granite"
					},
					"restrictions": {
						"type": "script",
						"script": "world_traits.`bigglobe:hilliness`"
					}
				},
				{
					"blocks": {
						"minecraft:stone": "create:cut_dripstone",
						"minecraft:cobblestone": "minecraft:dripstone_block"
					},
					"restrictions": {
						"type": "script",
						"script": [
							"unmixSmooth(",
								"world_traits.`bigglobe:sea_level` + 32,",
								"world_traits.`bigglobe:sea_level` - 32,",
								"world_traits.`bigglobe:approximate_surface_y`",
							")"
						]
					}
				},
				{
					"blocks": {
						"minecraft:stone": "create:cut_tuff",
						"minecraft:cobblestone": "minecraft:tuff"
					},
					"restrictions": {
						"type": "script",
						"script": [
							"unmixSmooth(0.0I, -0.5I, `bigglobe:overworld/height_adjusted_foliage`(y)) *",
							"unmixSmooth(double*(height := world_traits.`bigglobe:approximate_surface_y`) - 512.0L, height, y)"
						]
					}
				},
				{
					"blocks": {
						"minecraft:stone": "minecraft:smooth_sandstone",
						"minecraft:cobblestone": "minecraft:sandstone"
					},
					"restrictions": {
						"type": "script",
						"script": [
							"unmixSmooth( 0.375I,  0.625I, `bigglobe:overworld/surface_temperature`) *",
							"unmixSmooth(-0.625I, -0.375I, `bigglobe:overworld/surface_foliage`) *",
							"unmixSmooth(double*(height := world_traits.`bigglobe:approximate_surface_y`) - 512.0L, height, y)"
						]
					}
				},
				{
					"blocks": {
						"minecraft:stone": "minecraft:smooth_red_sandstone",
						"minecraft:cobblestone": "minecraft:red_sandstone"
					},
					"restrictions": {
						"type": "script",
						"script": [
							"unmixSmooth( 0.375I,  0.625I, `bigglobe:overworld/surface_temperature`) *",
							"unmixSmooth(-0.375I, -0.625I, `bigglobe:overworld/surface_foliage`) *",
							"unmixSmooth(double*(height := world_traits.`bigglobe:approximate_surface_y`) - 512.0L, height, y)"
						]
					}
				}
			]
		}
	}
}