{
	"type": "bigglobe:rock_layer",
	"config": {
		"seed": "rocks",
		"repeat": 8.0,
		"entries": {
			"defaults": {
				"weight": 1.0,
				"center": {
					"type": "sum",
					"layers": [
						{ "type": "smooth", "scale": 128, "amplitude": 16.0 },
						{ "type": "smooth", "scale":  64, "amplitude":  8.0 },
						{ "type": "smooth", "scale":  32, "amplitude":  4.0 }
					]
				},
				"thickness": {
					"type": "sum",
					"layers": [
						{ "type": "smooth", "scale": 32, "amplitude": 4.0 },
						{ "type": "smooth", "scale": 16, "amplitude": 2.0 },
						{ "type": "smooth", "scale":  8, "amplitude": 1.0 }
					]
				}
			},
			"variations": [
				{ "blocks": { "minecraft:stone": "create:cut_andesite",  "minecraft:cobblestone": "minecraft:andesite"        } },
				{ "blocks": { "minecraft:stone": "create:cut_diorite",   "minecraft:cobblestone": "minecraft:diorite"         } },
				{ "blocks": { "minecraft:stone": "create:cut_granite",   "minecraft:cobblestone": "minecraft:granite"         } },
				{ "blocks": { "minecraft:stone": "create:cut_calcite",   "minecraft:cobblestone": "minecraft:calcite"         } },
				{ "blocks": { "minecraft:stone": "create:cut_dripstone", "minecraft:cobblestone": "minecraft:dripstone_block" } },
				{ "blocks": { "minecraft:stone": "create:cut_tuff",      "minecraft:cobblestone": "minecraft:tuff"            } }
			]
		}
	}
}