{
	"placement": {
		"type": "minecraft:random_spread",
		"salt": 165745296,
		"separation": 12,
		"spacing": 36
	},
	"structures": [
		{ "weight": 1, "structure": "bigglobe_ctov:pillager_outpost_badlands" },
		{ "weight": 1, "structure": "bigglobe_ctov:pillager_outpost_beach" },
		{ "weight": 1, "structure": "bigglobe_ctov:pillager_outpost_dark_forest" },
		{ "weight": 1, "structure": "bigglobe_ctov:pillager_outpost_desert" },
		{ "weight": 1, "structure": "bigglobe_ctov:pillager_outpost_jungle" },
		{ "weight": 1, "structure": "bigglobe_ctov:pillager_outpost_mesa" },
		{ "weight": 1, "structure": "bigglobe_ctov:pillager_outpost_mountain" },
		{ "weight": 1, "structure": "bigglobe_ctov:pillager_outpost_plains" },
		{ "weight": 1, "structure": "bigglobe_ctov:pillager_outpost_savanna" },
		{ "weight": 1, "structure": "bigglobe_ctov:pillager_outpost_snowy" },
		{ "weight": 1, "structure": "bigglobe_ctov:pillager_outpost_swamp" },
		{ "weight": 1, "structure": "bigglobe_ctov:pillager_outpost_taiga" }
	]
}