{
	"placement": {
		"type": "minecraft:random_spread",
		"salt": 10387312,
		"separation": 12,
		"spacing": 36
	},
	"structures": [
		{ "weight": 1, "structure": "bigglobe_ctov:large/village_beach" },
		{ "weight": 1, "structure": "bigglobe_ctov:large/village_christmas" },
		{ "weight": 1, "structure": "bigglobe_ctov:large/village_dark_forest" },
		{ "weight": 1, "structure": "bigglobe_ctov:large/village_desert" },
		{ "weight": 1, "structure": "bigglobe_ctov:large/village_desert_oasis" },
		{ "weight": 1, "structure": "bigglobe_ctov:large/village_jungle" },
		{ "weight": 1, "structure": "bigglobe_ctov:large/village_jungle_tree" },
		{ "weight": 1, "structure": "bigglobe_ctov:large/village_mesa" },
		{ "weight": 1, "structure": "bigglobe_ctov:large/village_mesa_fortified" },
		{ "weight": 1, "structure": "bigglobe_ctov:large/village_mountain" },
		{ "weight": 1, "structure": "bigglobe_ctov:large/village_mountain_alpine" },
		{ "weight": 1, "structure": "bigglobe_ctov:large/village_mushroom" },
		{ "weight": 1, "structure": "bigglobe_ctov:large/village_plains" },
		{ "weight": 1, "structure": "bigglobe_ctov:large/village_plains_fortified" },
		{ "weight": 1, "structure": "bigglobe_ctov:large/village_savanna" },
		{ "weight": 1, "structure": "bigglobe_ctov:large/village_savanna_na" },
		{ "weight": 1, "structure": "bigglobe_ctov:large/village_snowy_igloo" },
		{ "weight": 1, "structure": "bigglobe_ctov:large/village_swamp" },
		{ "weight": 1, "structure": "bigglobe_ctov:large/village_swamp_fortified" },
		{ "weight": 1, "structure": "bigglobe_ctov:large/village_taiga" },
		{ "weight": 1, "structure": "bigglobe_ctov:large/village_taiga_fortified" },
		{ "weight": 1, "structure": "bigglobe_ctov:medium/village_beach" },
		{ "weight": 1, "structure": "bigglobe_ctov:medium/village_christmas" },
		{ "weight": 1, "structure": "bigglobe_ctov:medium/village_dark_forest" },
		{ "weight": 1, "structure": "bigglobe_ctov:medium/village_desert" },
		{ "weight": 1, "structure": "bigglobe_ctov:medium/village_desert_oasis" },
		{ "weight": 1, "structure": "bigglobe_ctov:medium/village_jungle" },
		{ "weight": 1, "structure": "bigglobe_ctov:medium/village_jungle_tree" },
		{ "weight": 1, "structure": "bigglobe_ctov:medium/village_mesa" },
		{ "weight": 1, "structure": "bigglobe_ctov:medium/village_mesa_fortified" },
		{ "weight": 1, "structure": "bigglobe_ctov:medium/village_mountain" },
		{ "weight": 1, "structure": "bigglobe_ctov:medium/village_mountain_alpine" },
		{ "weight": 1, "structure": "bigglobe_ctov:medium/village_mushroom" },
		{ "weight": 1, "structure": "bigglobe_ctov:medium/village_plains" },
		{ "weight": 1, "structure": "bigglobe_ctov:medium/village_plains_fortified" },
		{ "weight": 1, "structure": "bigglobe_ctov:medium/village_savanna" },
		{ "weight": 1, "structure": "bigglobe_ctov:medium/village_savanna_na" },
		{ "weight": 1, "structure": "bigglobe_ctov:medium/village_snowy_igloo" },
		{ "weight": 1, "structure": "bigglobe_ctov:medium/village_swamp" },
		{ "weight": 1, "structure": "bigglobe_ctov:medium/village_swamp_fortified" },
		{ "weight": 1, "structure": "bigglobe_ctov:medium/village_taiga" },
		{ "weight": 1, "structure": "bigglobe_ctov:medium/village_taiga_fortified" },
		{ "weight": 1, "structure": "bigglobe_ctov:small/village_beach" },
		{ "weight": 1, "structure": "bigglobe_ctov:small/village_christmas" },
		{ "weight": 1, "structure": "bigglobe_ctov:small/village_dark_forest" },
		{ "weight": 1, "structure": "bigglobe_ctov:small/village_desert" },
		{ "weight": 1, "structure": "bigglobe_ctov:small/village_desert_oasis" },
		{ "weight": 1, "structure": "bigglobe_ctov:small/village_jungle" },
		{ "weight": 1, "structure": "bigglobe_ctov:small/village_jungle_tree" },
		{ "weight": 1, "structure": "bigglobe_ctov:small/village_mesa" },
		{ "weight": 1, "structure": "bigglobe_ctov:small/village_mesa_fortified" },
		{ "weight": 1, "structure": "bigglobe_ctov:small/village_mountain" },
		{ "weight": 1, "structure": "bigglobe_ctov:small/village_mountain_alpine" },
		{ "weight": 1, "structure": "bigglobe_ctov:small/village_mushroom" },
		{ "weight": 1, "structure": "bigglobe_ctov:small/village_plains" },
		{ "weight": 1, "structure": "bigglobe_ctov:small/village_plains_fortified" },
		{ "weight": 1, "structure": "bigglobe_ctov:small/village_savanna" },
		{ "weight": 1, "structure": "bigglobe_ctov:small/village_savanna_na" },
		{ "weight": 1, "structure": "bigglobe_ctov:small/village_snowy_igloo" },
		{ "weight": 1, "structure": "bigglobe_ctov:small/village_swamp" },
		{ "weight": 1, "structure": "bigglobe_ctov:small/village_swamp_fortified" },
		{ "weight": 1, "structure": "bigglobe_ctov:small/village_taiga" },
		{ "weight": 1, "structure": "bigglobe_ctov:small/village_taiga_fortified" }
	]
}