{
	"type": "bigglobe:rock_layer",
	"config": {
		"seed": "create_rocks",
		"repeat": 16.0,
		"entries": {
			"defaults": {
				"weight": 1.0,
				"center": {
					"type": "sum",
					"layers": [
						{ "type": "smooth", "scaleX": 64, "scaleY": 64, "amplitude": 8.0 },
						{ "type": "smooth", "scaleX": 32, "scaleY": 32, "amplitude": 4.0 },
						{ "type": "smooth", "scaleX": 16, "scaleY": 16, "amplitude": 2.0 }
					]
				},
				"thickness": {
					"type": "sum",
					"layers": [
						{ "type": "constant", "value": -4.0 },
						{ "type": "smooth", "scaleX": 16, "scaleY": 16, "amplitude": 8.0 },
						{ "type": "smooth", "scaleX":  8, "scaleY":  8, "amplitude": 4.0 },
						{ "type": "smooth", "scaleX":  4, "scaleY":  4, "amplitude": 2.0 }
					]
				}
			},
			"variations": [
				{ "blocks": { "minecraft:stone": "create:cut_crimsite",  "minecraft:cobblestone": "create:crimsite"  } },
				{ "blocks": { "minecraft:stone": "create:cut_limestone", "minecraft:cobblestone": "create:limestone" } },
				{ "blocks": { "minecraft:stone": "create:cut_ochrum",    "minecraft:cobblestone": "create:ochrum"    } },
				{ "blocks": { "minecraft:stone": "create:cut_asurine",   "minecraft:cobblestone": "create:asurine"   } },
				{ "blocks": { "minecraft:stone": "create:cut_veridium",  "minecraft:cobblestone": "create:veridium"  } },
				{ "blocks": { "minecraft:stone": "create:cut_scoria",    "minecraft:cobblestone": "create:scoria"    } },
				{ "blocks": { "minecraft:stone": "create:cut_scorchia",  "minecraft:cobblestone": "create:scorchia"  } }
			]
		}
	}
}