{
	"replace": false,
	"values": [
		"#bigglobe:nether",
    {
      "id": "#forge:is_nether",
      "required": false
    },
    {
      "id": "#c:nether",
      "required": false
    },
    {
      "id": "#c:in_nether",
      "required": false
    },
    {
      "id": "betternether:bone_reef",
      "required": false
    },
    {
      "id": "betternether:crimson_glowing_woods",
      "required": false
    },
    {
      "id": "betternether:crimson_pinewood",
      "required": false
    },
    {
      "id": "betternether:flooded_deltas",
      "required": false
    },
    {
      "id": "betternether:gravel_desert",
      "required": false
    },
    {
      "id": "betternether:magma_land",
      "required": false
    },
    {
      "id": "betternether:nether_grasslands",
      "required": false
    },
    {
      "id": "betternether:nether_jungle",
      "required": false
    },
    {
      "id": "betternether:nether_mushroom_forest",
      "required": false
    },
    {
      "id": "betternether:nether_mushroom_forest_edge",
      "required": false
    },
    {
      "id": "betternether:nether_swampland",
      "required": false
    },
    {
      "id": "betternether:nether_swampland_terraces",
      "required": false
    },
    {
      "id": "betternether:old_fungiwoods",
      "required": false
    },
    {
      "id": "betternether:old_swampland",
      "required": false
    },
    {
      "id": "betternether:old_warped_woods",
      "required": false
    },
    {
      "id": "betternether:poor_nether_grasslands",
      "required": false
    },
    {
      "id": "betternether:soul_plain",
      "required": false
    },
    {
      "id": "betternether:sulfuric_bone_reef",
      "required": false
    },
    {
      "id": "betternether:upside_down_forest",
      "required": false
    },
    {
      "id": "betternether:upside_down_forest_cleared",
      "required": false
    },
    {
      "id": "betternether:wart_forest",
      "required": false
    },
    {
      "id": "betternether:wart_forest_edge",
      "required": false
    }
	]
}