{
	"replace": false,
	"values": [
		"bigglobe:valley_of_souls",
    {
      "id": "betternether:soul_plain",
      "required": false
    },
    {
      "id": "betternether:wart_forest",
      "required": false
    },
    {
      "id": "betternether:wart_forest_edge",
      "required": false
    },
    {
      "id": "betternether:poor_nether_grasslands",
      "required": false
    },
    {
      "id": "betternether:nether_grasslands",
      "required": false
    },
    {
      "id": "byg:wailing_garth",
      "required": false
    },
    {
      "id": "cinderscapes:blackstone_shales",
      "required": false
    },
    {
      "id": "gardens_of_the_dead:soulblight_forest",
      "required": false
    },
    {
      "id": "incendium:weeping_valley",
      "required": false
    },
	{
      "id": "regions_unexplored:blackstone_basin",
      "required": false
    }
	]
}